,RunId,iteration,Step,num_nodes,avg_node_degree,initial_outbreak_size,virus_spread_chance,virus_check_frequency,recovery_chance,gain_resistance_chance,hygiene_rate,Infected,Susceptible,Resistant
0,0,0,70,10,3,1,0.4,0.4,0.3,0.5,0.0,0,1,9
1,1,0,70,10,3,1,0.4,0.4,0.3,0.5,0.1,0,5,5
2,2,0,70,10,3,1,0.4,0.4,0.3,0.5,0.2,0,0,10
3,3,0,70,10,3,1,0.4,0.4,0.3,0.5,0.30000000000000004,0,0,10
4,4,0,70,10,3,1,0.4,0.4,0.3,0.5,0.4,0,9,1
5,5,0,70,10,3,1,0.4,0.4,0.3,0.5,0.5,0,2,8
6,6,0,70,10,3,1,0.4,0.4,0.3,0.5,0.6000000000000001,0,9,1
7,7,0,70,10,3,1,0.4,0.4,0.3,0.5,0.7000000000000001,0,1,9
8,8,0,70,10,3,1,0.4,0.4,0.3,0.5,0.8,0,1,9
9,9,0,70,10,3,1,0.4,0.4,0.3,0.5,0.9,0,2,8
10,10,0,70,10,3,1,0.4,0.4,0.3,0.5,1.0,0,9,1
11,11,1,70,10,3,1,0.4,0.4,0.3,0.5,0.0,0,1,9
12,12,1,70,10,3,1,0.4,0.4,0.3,0.5,0.1,0,2,8
13,13,1,70,10,3,1,0.4,0.4,0.3,0.5,0.2,0,2,8
14,14,1,70,10,3,1,0.4,0.4,0.3,0.5,0.30000000000000004,0,0,10
15,15,1,70,10,3,1,0.4,0.4,0.3,0.5,0.4,0,5,5
16,16,1,70,10,3,1,0.4,0.4,0.3,0.5,0.5,0,8,2
17,17,1,70,10,3,1,0.4,0.4,0.3,0.5,0.6000000000000001,0,3,7
18,18,1,70,10,3,1,0.4,0.4,0.3,0.5,0.7000000000000001,0,1,9
19,19,1,70,10,3,1,0.4,0.4,0.3,0.5,0.8,0,1,9
20,20,1,70,10,3,1,0.4,0.4,0.3,0.5,0.9,0,8,2
21,21,1,70,10,3,1,0.4,0.4,0.3,0.5,1.0,0,0,10
22,22,2,70,10,3,1,0.4,0.4,0.3,0.5,0.0,0,1,9
23,23,2,70,10,3,1,0.4,0.4,0.3,0.5,0.1,0,2,8
24,24,2,70,10,3,1,0.4,0.4,0.3,0.5,0.2,0,3,7
25,25,2,70,10,3,1,0.4,0.4,0.3,0.5,0.30000000000000004,0,3,7
26,26,2,70,10,3,1,0.4,0.4,0.3,0.5,0.4,0,10,0
27,27,2,70,10,3,1,0.4,0.4,0.3,0.5,0.5,0,0,10
28,28,2,70,10,3,1,0.4,0.4,0.3,0.5,0.6000000000000001,0,1,9
29,29,2,70,10,3,1,0.4,0.4,0.3,0.5,0.7000000000000001,0,3,7
30,30,2,70,10,3,1,0.4,0.4,0.3,0.5,0.8,0,0,10
31,31,2,70,10,3,1,0.4,0.4,0.3,0.5,0.9,0,0,10
32,32,2,70,10,3,1,0.4,0.4,0.3,0.5,1.0,0,0,10
33,33,3,70,10,3,1,0.4,0.4,0.3,0.5,0.0,0,3,7
34,34,3,70,10,3,1,0.4,0.4,0.3,0.5,0.1,0,9,1
35,35,3,70,10,3,1,0.4,0.4,0.3,0.5,0.2,0,1,9
36,36,3,70,10,3,1,0.4,0.4,0.3,0.5,0.30000000000000004,0,1,9
37,37,3,70,10,3,1,0.4,0.4,0.3,0.5,0.4,0,1,9
38,38,3,70,10,3,1,0.4,0.4,0.3,0.5,0.5,0,0,10
39,39,3,70,10,3,1,0.4,0.4,0.3,0.5,0.6000000000000001,0,5,5
40,40,3,70,10,3,1,0.4,0.4,0.3,0.5,0.7000000000000001,0,1,9
41,41,3,70,10,3,1,0.4,0.4,0.3,0.5,0.8,0,1,9
42,42,3,70,10,3,1,0.4,0.4,0.3,0.5,0.9,0,0,10
43,43,3,70,10,3,1,0.4,0.4,0.3,0.5,1.0,0,0,10
44,44,4,70,10,3,1,0.4,0.4,0.3,0.5,0.0,0,5,5
45,45,4,70,10,3,1,0.4,0.4,0.3,0.5,0.1,0,1,9
46,46,4,70,10,3,1,0.4,0.4,0.3,0.5,0.2,0,1,9
47,47,4,70,10,3,1,0.4,0.4,0.3,0.5,0.30000000000000004,0,1,9
48,48,4,70,10,3,1,0.4,0.4,0.3,0.5,0.4,0,1,9
49,49,4,70,10,3,1,0.4,0.4,0.3,0.5,0.5,0,0,10
50,50,4,70,10,3,1,0.4,0.4,0.3,0.5,0.6000000000000001,0,0,10
51,51,4,70,10,3,1,0.4,0.4,0.3,0.5,0.7000000000000001,0,0,10
52,52,4,70,10,3,1,0.4,0.4,0.3,0.5,0.8,0,1,9
53,53,4,70,10,3,1,0.4,0.4,0.3,0.5,0.9,0,6,4
54,54,4,70,10,3,1,0.4,0.4,0.3,0.5,1.0,0,1,9
55,55,5,70,10,3,1,0.4,0.4,0.3,0.5,0.0,0,3,7
56,56,5,70,10,3,1,0.4,0.4,0.3,0.5,0.1,0,2,8
57,57,5,70,10,3,1,0.4,0.4,0.3,0.5,0.2,0,0,10
58,58,5,70,10,3,1,0.4,0.4,0.3,0.5,0.30000000000000004,0,4,6
59,59,5,70,10,3,1,0.4,0.4,0.3,0.5,0.4,0,2,8
60,60,5,70,10,3,1,0.4,0.4,0.3,0.5,0.5,0,0,10
61,61,5,70,10,3,1,0.4,0.4,0.3,0.5,0.6000000000000001,0,0,10
62,62,5,70,10,3,1,0.4,0.4,0.3,0.5,0.7000000000000001,0,1,9
63,63,5,70,10,3,1,0.4,0.4,0.3,0.5,0.8,0,0,10
64,64,5,70,10,3,1,0.4,0.4,0.3,0.5,0.9,0,0,10
65,65,5,70,10,3,1,0.4,0.4,0.3,0.5,1.0,0,0,10
66,66,6,70,10,3,1,0.4,0.4,0.3,0.5,0.0,0,1,9
67,67,6,70,10,3,1,0.4,0.4,0.3,0.5,0.1,0,1,9
68,68,6,70,10,3,1,0.4,0.4,0.3,0.5,0.2,0,1,9
69,69,6,70,10,3,1,0.4,0.4,0.3,0.5,0.30000000000000004,0,2,8
70,70,6,70,10,3,1,0.4,0.4,0.3,0.5,0.4,0,1,9
71,71,6,70,10,3,1,0.4,0.4,0.3,0.5,0.5,0,4,6
72,72,6,70,10,3,1,0.4,0.4,0.3,0.5,0.6000000000000001,0,0,10
73,73,6,70,10,3,1,0.4,0.4,0.3,0.5,0.7000000000000001,0,1,9
74,74,6,70,10,3,1,0.4,0.4,0.3,0.5,0.8,0,6,4
75,75,6,70,10,3,1,0.4,0.4,0.3,0.5,0.9,0,1,9
76,76,6,70,10,3,1,0.4,0.4,0.3,0.5,1.0,0,0,10
77,77,7,70,10,3,1,0.4,0.4,0.3,0.5,0.0,0,0,10
78,78,7,70,10,3,1,0.4,0.4,0.3,0.5,0.1,0,0,10
79,79,7,70,10,3,1,0.4,0.4,0.3,0.5,0.2,0,3,7
80,80,7,70,10,3,1,0.4,0.4,0.3,0.5,0.30000000000000004,0,2,8
81,81,7,70,10,3,1,0.4,0.4,0.3,0.5,0.4,0,3,7
82,82,7,70,10,3,1,0.4,0.4,0.3,0.5,0.5,0,1,9
83,83,7,70,10,3,1,0.4,0.4,0.3,0.5,0.6000000000000001,0,9,1
84,84,7,70,10,3,1,0.4,0.4,0.3,0.5,0.7000000000000001,0,9,1
85,85,7,70,10,3,1,0.4,0.4,0.3,0.5,0.8,0,0,10
86,86,7,70,10,3,1,0.4,0.4,0.3,0.5,0.9,0,1,9
87,87,7,70,10,3,1,0.4,0.4,0.3,0.5,1.0,0,2,8
88,88,8,70,10,3,1,0.4,0.4,0.3,0.5,0.0,0,0,10
89,89,8,70,10,3,1,0.4,0.4,0.3,0.5,0.1,0,2,8
90,90,8,70,10,3,1,0.4,0.4,0.3,0.5,0.2,0,1,9
91,91,8,70,10,3,1,0.4,0.4,0.3,0.5,0.30000000000000004,0,1,9
92,92,8,70,10,3,1,0.4,0.4,0.3,0.5,0.4,0,2,8
93,93,8,70,10,3,1,0.4,0.4,0.3,0.5,0.5,0,1,9
94,94,8,70,10,3,1,0.4,0.4,0.3,0.5,0.6000000000000001,0,8,2
95,95,8,70,10,3,1,0.4,0.4,0.3,0.5,0.7000000000000001,0,1,9
96,96,8,70,10,3,1,0.4,0.4,0.3,0.5,0.8,0,8,2
97,97,8,70,10,3,1,0.4,0.4,0.3,0.5,0.9,0,0,10
98,98,8,70,10,3,1,0.4,0.4,0.3,0.5,1.0,0,0,10
99,99,9,70,10,3,1,0.4,0.4,0.3,0.5,0.0,0,9,1
100,100,9,70,10,3,1,0.4,0.4,0.3,0.5,0.1,0,0,10
101,101,9,70,10,3,1,0.4,0.4,0.3,0.5,0.2,0,2,8
102,102,9,70,10,3,1,0.4,0.4,0.3,0.5,0.30000000000000004,0,3,7
103,103,9,70,10,3,1,0.4,0.4,0.3,0.5,0.4,0,4,6
104,104,9,70,10,3,1,0.4,0.4,0.3,0.5,0.5,0,0,10
105,105,9,70,10,3,1,0.4,0.4,0.3,0.5,0.6000000000000001,0,1,9
106,106,9,70,10,3,1,0.4,0.4,0.3,0.5,0.7000000000000001,0,9,1
107,107,9,70,10,3,1,0.4,0.4,0.3,0.5,0.8,0,2,8
108,108,9,70,10,3,1,0.4,0.4,0.3,0.5,0.9,0,3,7
109,109,9,70,10,3,1,0.4,0.4,0.3,0.5,1.0,0,2,8
110,110,10,70,10,3,1,0.4,0.4,0.3,0.5,0.0,0,2,8
111,111,10,70,10,3,1,0.4,0.4,0.3,0.5,0.1,0,2,8
112,112,10,70,10,3,1,0.4,0.4,0.3,0.5,0.2,0,2,8
113,113,10,70,10,3,1,0.4,0.4,0.3,0.5,0.30000000000000004,0,2,8
114,114,10,70,10,3,1,0.4,0.4,0.3,0.5,0.4,0,9,1
115,115,10,70,10,3,1,0.4,0.4,0.3,0.5,0.5,0,2,8
116,116,10,70,10,3,1,0.4,0.4,0.3,0.5,0.6000000000000001,0,1,9
117,117,10,70,10,3,1,0.4,0.4,0.3,0.5,0.7000000000000001,0,0,10
118,118,10,70,10,3,1,0.4,0.4,0.3,0.5,0.8,0,4,6
119,119,10,70,10,3,1,0.4,0.4,0.3,0.5,0.9,0,2,8
120,120,10,70,10,3,1,0.4,0.4,0.3,0.5,1.0,0,3,7
121,121,11,70,10,3,1,0.4,0.4,0.3,0.5,0.0,0,10,0
122,122,11,70,10,3,1,0.4,0.4,0.3,0.5,0.1,0,1,9
123,123,11,70,10,3,1,0.4,0.4,0.3,0.5,0.2,0,1,9
124,124,11,70,10,3,1,0.4,0.4,0.3,0.5,0.30000000000000004,0,3,7
125,125,11,70,10,3,1,0.4,0.4,0.3,0.5,0.4,0,1,9
126,126,11,70,10,3,1,0.4,0.4,0.3,0.5,0.5,0,2,8
127,127,11,70,10,3,1,0.4,0.4,0.3,0.5,0.6000000000000001,0,0,10
128,128,11,70,10,3,1,0.4,0.4,0.3,0.5,0.7000000000000001,0,1,9
129,129,11,70,10,3,1,0.4,0.4,0.3,0.5,0.8,0,1,9
130,130,11,70,10,3,1,0.4,0.4,0.3,0.5,0.9,0,2,8
131,131,11,70,10,3,1,0.4,0.4,0.3,0.5,1.0,0,1,9
132,132,12,70,10,3,1,0.4,0.4,0.3,0.5,0.0,0,0,10
133,133,12,70,10,3,1,0.4,0.4,0.3,0.5,0.1,0,10,0
134,134,12,70,10,3,1,0.4,0.4,0.3,0.5,0.2,0,5,5
135,135,12,70,10,3,1,0.4,0.4,0.3,0.5,0.30000000000000004,0,0,10
136,136,12,70,10,3,1,0.4,0.4,0.3,0.5,0.4,0,2,8
137,137,12,70,10,3,1,0.4,0.4,0.3,0.5,0.5,0,3,7
138,138,12,70,10,3,1,0.4,0.4,0.3,0.5,0.6000000000000001,0,2,8
139,139,12,70,10,3,1,0.4,0.4,0.3,0.5,0.7000000000000001,0,0,10
140,140,12,70,10,3,1,0.4,0.4,0.3,0.5,0.8,0,9,1
141,141,12,70,10,3,1,0.4,0.4,0.3,0.5,0.9,0,0,10
142,142,12,70,10,3,1,0.4,0.4,0.3,0.5,1.0,0,6,4
143,143,13,70,10,3,1,0.4,0.4,0.3,0.5,0.0,0,1,9
144,144,13,70,10,3,1,0.4,0.4,0.3,0.5,0.1,0,3,7
145,145,13,70,10,3,1,0.4,0.4,0.3,0.5,0.2,0,1,9
146,146,13,70,10,3,1,0.4,0.4,0.3,0.5,0.30000000000000004,0,1,9
147,147,13,70,10,3,1,0.4,0.4,0.3,0.5,0.4,0,1,9
148,148,13,70,10,3,1,0.4,0.4,0.3,0.5,0.5,0,9,1
149,149,13,70,10,3,1,0.4,0.4,0.3,0.5,0.6000000000000001,0,0,10
150,150,13,70,10,3,1,0.4,0.4,0.3,0.5,0.7000000000000001,0,2,8
151,151,13,70,10,3,1,0.4,0.4,0.3,0.5,0.8,0,0,10
152,152,13,70,10,3,1,0.4,0.4,0.3,0.5,0.9,0,8,2
153,153,13,70,10,3,1,0.4,0.4,0.3,0.5,1.0,0,0,10
154,154,14,70,10,3,1,0.4,0.4,0.3,0.5,0.0,0,2,8
155,155,14,70,10,3,1,0.4,0.4,0.3,0.5,0.1,0,10,0
156,156,14,70,10,3,1,0.4,0.4,0.3,0.5,0.2,0,3,7
157,157,14,70,10,3,1,0.4,0.4,0.3,0.5,0.30000000000000004,0,3,7
158,158,14,70,10,3,1,0.4,0.4,0.3,0.5,0.4,0,8,2
159,159,14,70,10,3,1,0.4,0.4,0.3,0.5,0.5,0,1,9
160,160,14,70,10,3,1,0.4,0.4,0.3,0.5,0.6000000000000001,0,0,10
161,161,14,70,10,3,1,0.4,0.4,0.3,0.5,0.7000000000000001,0,1,9
162,162,14,70,10,3,1,0.4,0.4,0.3,0.5,0.8,0,0,10
163,163,14,70,10,3,1,0.4,0.4,0.3,0.5,0.9,0,3,7
164,164,14,70,10,3,1,0.4,0.4,0.3,0.5,1.0,0,0,10
165,165,15,70,10,3,1,0.4,0.4,0.3,0.5,0.0,0,1,9
166,166,15,70,10,3,1,0.4,0.4,0.3,0.5,0.1,0,2,8
167,167,15,70,10,3,1,0.4,0.4,0.3,0.5,0.2,0,1,9
168,168,15,70,10,3,1,0.4,0.4,0.3,0.5,0.30000000000000004,0,0,10
169,169,15,70,10,3,1,0.4,0.4,0.3,0.5,0.4,0,2,8
170,170,15,70,10,3,1,0.4,0.4,0.3,0.5,0.5,0,1,9
171,171,15,70,10,3,1,0.4,0.4,0.3,0.5,0.6000000000000001,0,1,9
172,172,15,70,10,3,1,0.4,0.4,0.3,0.5,0.7000000000000001,0,1,9
173,173,15,70,10,3,1,0.4,0.4,0.3,0.5,0.8,0,1,9
174,174,15,70,10,3,1,0.4,0.4,0.3,0.5,0.9,0,0,10
175,175,15,70,10,3,1,0.4,0.4,0.3,0.5,1.0,0,8,2
176,176,16,70,10,3,1,0.4,0.4,0.3,0.5,0.0,0,2,8
177,177,16,70,10,3,1,0.4,0.4,0.3,0.5,0.1,0,3,7
178,178,16,70,10,3,1,0.4,0.4,0.3,0.5,0.2,0,2,8
179,179,16,70,10,3,1,0.4,0.4,0.3,0.5,0.30000000000000004,0,3,7
180,180,16,70,10,3,1,0.4,0.4,0.3,0.5,0.4,0,2,8
181,181,16,70,10,3,1,0.4,0.4,0.3,0.5,0.5,0,0,10
182,182,16,70,10,3,1,0.4,0.4,0.3,0.5,0.6000000000000001,0,1,9
183,183,16,70,10,3,1,0.4,0.4,0.3,0.5,0.7000000000000001,0,0,10
184,184,16,70,10,3,1,0.4,0.4,0.3,0.5,0.8,0,1,9
185,185,16,70,10,3,1,0.4,0.4,0.3,0.5,0.9,0,0,10
186,186,16,70,10,3,1,0.4,0.4,0.3,0.5,1.0,0,0,10
187,187,17,70,10,3,1,0.4,0.4,0.3,0.5,0.0,0,1,9
188,188,17,70,10,3,1,0.4,0.4,0.3,0.5,0.1,0,1,9
189,189,17,70,10,3,1,0.4,0.4,0.3,0.5,0.2,0,2,8
190,190,17,70,10,3,1,0.4,0.4,0.3,0.5,0.30000000000000004,0,2,8
191,191,17,70,10,3,1,0.4,0.4,0.3,0.5,0.4,0,1,9
192,192,17,70,10,3,1,0.4,0.4,0.3,0.5,0.5,0,0,10
193,193,17,70,10,3,1,0.4,0.4,0.3,0.5,0.6000000000000001,0,9,1
194,194,17,70,10,3,1,0.4,0.4,0.3,0.5,0.7000000000000001,0,0,10
195,195,17,70,10,3,1,0.4,0.4,0.3,0.5,0.8,0,9,1
196,196,17,70,10,3,1,0.4,0.4,0.3,0.5,0.9,0,0,10
197,197,17,70,10,3,1,0.4,0.4,0.3,0.5,1.0,0,9,1
198,198,18,70,10,3,1,0.4,0.4,0.3,0.5,0.0,0,4,6
199,199,18,70,10,3,1,0.4,0.4,0.3,0.5,0.1,1,0,9
200,200,18,70,10,3,1,0.4,0.4,0.3,0.5,0.2,0,1,9
201,201,18,70,10,3,1,0.4,0.4,0.3,0.5,0.30000000000000004,0,0,10
202,202,18,70,10,3,1,0.4,0.4,0.3,0.5,0.4,0,5,5
203,203,18,70,10,3,1,0.4,0.4,0.3,0.5,0.5,0,0,10
204,204,18,70,10,3,1,0.4,0.4,0.3,0.5,0.6000000000000001,0,4,6
205,205,18,70,10,3,1,0.4,0.4,0.3,0.5,0.7000000000000001,0,0,10
206,206,18,70,10,3,1,0.4,0.4,0.3,0.5,0.8,0,0,10
207,207,18,70,10,3,1,0.4,0.4,0.3,0.5,0.9,0,2,8
208,208,18,70,10,3,1,0.4,0.4,0.3,0.5,1.0,0,0,10
209,209,19,70,10,3,1,0.4,0.4,0.3,0.5,0.0,0,1,9
210,210,19,70,10,3,1,0.4,0.4,0.3,0.5,0.1,0,4,6
211,211,19,70,10,3,1,0.4,0.4,0.3,0.5,0.2,0,3,7
212,212,19,70,10,3,1,0.4,0.4,0.3,0.5,0.30000000000000004,0,2,8
213,213,19,70,10,3,1,0.4,0.4,0.3,0.5,0.4,0,5,5
214,214,19,70,10,3,1,0.4,0.4,0.3,0.5,0.5,0,4,6
215,215,19,70,10,3,1,0.4,0.4,0.3,0.5,0.6000000000000001,0,0,10
216,216,19,70,10,3,1,0.4,0.4,0.3,0.5,0.7000000000000001,0,5,5
217,217,19,70,10,3,1,0.4,0.4,0.3,0.5,0.8,0,1,9
218,218,19,70,10,3,1,0.4,0.4,0.3,0.5,0.9,0,2,8
219,219,19,70,10,3,1,0.4,0.4,0.3,0.5,1.0,0,3,7
220,220,20,70,10,3,1,0.4,0.4,0.3,0.5,0.0,0,1,9
221,221,20,70,10,3,1,0.4,0.4,0.3,0.5,0.1,0,3,7
222,222,20,70,10,3,1,0.4,0.4,0.3,0.5,0.2,0,2,8
223,223,20,70,10,3,1,0.4,0.4,0.3,0.5,0.30000000000000004,0,0,10
224,224,20,70,10,3,1,0.4,0.4,0.3,0.5,0.4,0,2,8
225,225,20,70,10,3,1,0.4,0.4,0.3,0.5,0.5,0,1,9
226,226,20,70,10,3,1,0.4,0.4,0.3,0.5,0.6000000000000001,0,1,9
227,227,20,70,10,3,1,0.4,0.4,0.3,0.5,0.7000000000000001,0,1,9
228,228,20,70,10,3,1,0.4,0.4,0.3,0.5,0.8,0,0,10
229,229,20,70,10,3,1,0.4,0.4,0.3,0.5,0.9,0,0,10
230,230,20,70,10,3,1,0.4,0.4,0.3,0.5,1.0,0,7,3
231,231,21,70,10,3,1,0.4,0.4,0.3,0.5,0.0,0,3,7
232,232,21,70,10,3,1,0.4,0.4,0.3,0.5,0.1,0,2,8
233,233,21,70,10,3,1,0.4,0.4,0.3,0.5,0.2,0,1,9
234,234,21,70,10,3,1,0.4,0.4,0.3,0.5,0.30000000000000004,0,2,8
235,235,21,70,10,3,1,0.4,0.4,0.3,0.5,0.4,0,2,8
236,236,21,70,10,3,1,0.4,0.4,0.3,0.5,0.5,0,0,10
237,237,21,70,10,3,1,0.4,0.4,0.3,0.5,0.6000000000000001,0,0,10
238,238,21,70,10,3,1,0.4,0.4,0.3,0.5,0.7000000000000001,0,9,1
239,239,21,70,10,3,1,0.4,0.4,0.3,0.5,0.8,0,9,1
240,240,21,70,10,3,1,0.4,0.4,0.3,0.5,0.9,0,1,9
241,241,21,70,10,3,1,0.4,0.4,0.3,0.5,1.0,0,2,8
242,242,22,70,10,3,1,0.4,0.4,0.3,0.5,0.0,0,0,10
243,243,22,70,10,3,1,0.4,0.4,0.3,0.5,0.1,0,1,9
244,244,22,70,10,3,1,0.4,0.4,0.3,0.5,0.2,0,2,8
245,245,22,70,10,3,1,0.4,0.4,0.3,0.5,0.30000000000000004,1,1,8
246,246,22,70,10,3,1,0.4,0.4,0.3,0.5,0.4,0,6,4
247,247,22,70,10,3,1,0.4,0.4,0.3,0.5,0.5,0,0,10
248,248,22,70,10,3,1,0.4,0.4,0.3,0.5,0.6000000000000001,0,0,10
249,249,22,70,10,3,1,0.4,0.4,0.3,0.5,0.7000000000000001,0,1,9
250,250,22,70,10,3,1,0.4,0.4,0.3,0.5,0.8,0,1,9
251,251,22,70,10,3,1,0.4,0.4,0.3,0.5,0.9,0,9,1
252,252,22,70,10,3,1,0.4,0.4,0.3,0.5,1.0,0,0,10
253,253,23,70,10,3,1,0.4,0.4,0.3,0.5,0.0,0,1,9
254,254,23,70,10,3,1,0.4,0.4,0.3,0.5,0.1,0,1,9
255,255,23,70,10,3,1,0.4,0.4,0.3,0.5,0.2,0,0,10
256,256,23,70,10,3,1,0.4,0.4,0.3,0.5,0.30000000000000004,0,0,10
257,257,23,70,10,3,1,0.4,0.4,0.3,0.5,0.4,0,0,10
258,258,23,70,10,3,1,0.4,0.4,0.3,0.5,0.5,0,0,10
259,259,23,70,10,3,1,0.4,0.4,0.3,0.5,0.6000000000000001,0,0,10
260,260,23,70,10,3,1,0.4,0.4,0.3,0.5,0.7000000000000001,0,2,8
261,261,23,70,10,3,1,0.4,0.4,0.3,0.5,0.8,0,1,9
262,262,23,70,10,3,1,0.4,0.4,0.3,0.5,0.9,0,0,10
263,263,23,70,10,3,1,0.4,0.4,0.3,0.5,1.0,0,0,10
264,264,24,70,10,3,1,0.4,0.4,0.3,0.5,0.0,0,2,8
265,265,24,70,10,3,1,0.4,0.4,0.3,0.5,0.1,0,1,9
266,266,24,70,10,3,1,0.4,0.4,0.3,0.5,0.2,0,10,0
267,267,24,70,10,3,1,0.4,0.4,0.3,0.5,0.30000000000000004,0,1,9
268,268,24,70,10,3,1,0.4,0.4,0.3,0.5,0.4,0,2,8
269,269,24,70,10,3,1,0.4,0.4,0.3,0.5,0.5,0,1,9
270,270,24,70,10,3,1,0.4,0.4,0.3,0.5,0.6000000000000001,0,2,8
271,271,24,70,10,3,1,0.4,0.4,0.3,0.5,0.7000000000000001,0,1,9
272,272,24,70,10,3,1,0.4,0.4,0.3,0.5,0.8,0,0,10
273,273,24,70,10,3,1,0.4,0.4,0.3,0.5,0.9,0,0,10
274,274,24,70,10,3,1,0.4,0.4,0.3,0.5,1.0,0,0,10
275,275,25,70,10,3,1,0.4,0.4,0.3,0.5,0.0,0,2,8
276,276,25,70,10,3,1,0.4,0.4,0.3,0.5,0.1,0,3,7
277,277,25,70,10,3,1,0.4,0.4,0.3,0.5,0.2,0,2,8
278,278,25,70,10,3,1,0.4,0.4,0.3,0.5,0.30000000000000004,0,1,9
279,279,25,70,10,3,1,0.4,0.4,0.3,0.5,0.4,0,3,7
280,280,25,70,10,3,1,0.4,0.4,0.3,0.5,0.5,0,1,9
281,281,25,70,10,3,1,0.4,0.4,0.3,0.5,0.6000000000000001,0,0,10
282,282,25,70,10,3,1,0.4,0.4,0.3,0.5,0.7000000000000001,0,1,9
283,283,25,70,10,3,1,0.4,0.4,0.3,0.5,0.8,0,8,2
284,284,25,70,10,3,1,0.4,0.4,0.3,0.5,0.9,0,8,2
285,285,25,70,10,3,1,0.4,0.4,0.3,0.5,1.0,0,1,9
286,286,26,70,10,3,1,0.4,0.4,0.3,0.5,0.0,0,3,7
287,287,26,70,10,3,1,0.4,0.4,0.3,0.5,0.1,0,0,10
288,288,26,70,10,3,1,0.4,0.4,0.3,0.5,0.2,0,1,9
289,289,26,70,10,3,1,0.4,0.4,0.3,0.5,0.30000000000000004,0,0,10
290,290,26,70,10,3,1,0.4,0.4,0.3,0.5,0.4,0,4,6
291,291,26,70,10,3,1,0.4,0.4,0.3,0.5,0.5,0,1,9
292,292,26,70,10,3,1,0.4,0.4,0.3,0.5,0.6000000000000001,0,1,9
293,293,26,70,10,3,1,0.4,0.4,0.3,0.5,0.7000000000000001,0,2,8
294,294,26,70,10,3,1,0.4,0.4,0.3,0.5,0.8,0,0,10
295,295,26,70,10,3,1,0.4,0.4,0.3,0.5,0.9,0,1,9
296,296,26,70,10,3,1,0.4,0.4,0.3,0.5,1.0,0,1,9
297,297,27,70,10,3,1,0.4,0.4,0.3,0.5,0.0,0,1,9
298,298,27,70,10,3,1,0.4,0.4,0.3,0.5,0.1,0,3,7
299,299,27,70,10,3,1,0.4,0.4,0.3,0.5,0.2,0,3,7
300,300,27,70,10,3,1,0.4,0.4,0.3,0.5,0.30000000000000004,0,1,9
301,301,27,70,10,3,1,0.4,0.4,0.3,0.5,0.4,0,9,1
302,302,27,70,10,3,1,0.4,0.4,0.3,0.5,0.5,0,0,10
303,303,27,70,10,3,1,0.4,0.4,0.3,0.5,0.6000000000000001,0,0,10
304,304,27,70,10,3,1,0.4,0.4,0.3,0.5,0.7000000000000001,0,5,5
305,305,27,70,10,3,1,0.4,0.4,0.3,0.5,0.8,0,2,8
306,306,27,70,10,3,1,0.4,0.4,0.3,0.5,0.9,0,2,8
307,307,27,70,10,3,1,0.4,0.4,0.3,0.5,1.0,0,1,9
308,308,28,70,10,3,1,0.4,0.4,0.3,0.5,0.0,0,1,9
309,309,28,70,10,3,1,0.4,0.4,0.3,0.5,0.1,0,1,9
310,310,28,70,10,3,1,0.4,0.4,0.3,0.5,0.2,0,2,8
311,311,28,70,10,3,1,0.4,0.4,0.3,0.5,0.30000000000000004,0,2,8
312,312,28,70,10,3,1,0.4,0.4,0.3,0.5,0.4,0,3,7
313,313,28,70,10,3,1,0.4,0.4,0.3,0.5,0.5,0,0,10
314,314,28,70,10,3,1,0.4,0.4,0.3,0.5,0.6000000000000001,0,0,10
315,315,28,70,10,3,1,0.4,0.4,0.3,0.5,0.7000000000000001,0,0,10
316,316,28,70,10,3,1,0.4,0.4,0.3,0.5,0.8,0,7,3
317,317,28,70,10,3,1,0.4,0.4,0.3,0.5,0.9,0,9,1
318,318,28,70,10,3,1,0.4,0.4,0.3,0.5,1.0,0,1,9
319,319,29,70,10,3,1,0.4,0.4,0.3,0.5,0.0,0,0,10
320,320,29,70,10,3,1,0.4,0.4,0.3,0.5,0.1,0,0,10
321,321,29,70,10,3,1,0.4,0.4,0.3,0.5,0.2,0,6,4
322,322,29,70,10,3,1,0.4,0.4,0.3,0.5,0.30000000000000004,0,2,8
323,323,29,70,10,3,1,0.4,0.4,0.3,0.5,0.4,0,9,1
324,324,29,70,10,3,1,0.4,0.4,0.3,0.5,0.5,0,2,8
325,325,29,70,10,3,1,0.4,0.4,0.3,0.5,0.6000000000000001,0,5,5
326,326,29,70,10,3,1,0.4,0.4,0.3,0.5,0.7000000000000001,0,0,10
327,327,29,70,10,3,1,0.4,0.4,0.3,0.5,0.8,0,3,7
328,328,29,70,10,3,1,0.4,0.4,0.3,0.5,0.9,0,2,8
329,329,29,70,10,3,1,0.4,0.4,0.3,0.5,1.0,0,0,10
330,330,30,70,10,3,1,0.4,0.4,0.3,0.5,0.0,0,5,5
331,331,30,70,10,3,1,0.4,0.4,0.3,0.5,0.1,0,2,8
332,332,30,70,10,3,1,0.4,0.4,0.3,0.5,0.2,0,2,8
333,333,30,70,10,3,1,0.4,0.4,0.3,0.5,0.30000000000000004,0,1,9
334,334,30,70,10,3,1,0.4,0.4,0.3,0.5,0.4,0,5,5
335,335,30,70,10,3,1,0.4,0.4,0.3,0.5,0.5,0,3,7
336,336,30,70,10,3,1,0.4,0.4,0.3,0.5,0.6000000000000001,0,0,10
337,337,30,70,10,3,1,0.4,0.4,0.3,0.5,0.7000000000000001,0,1,9
338,338,30,70,10,3,1,0.4,0.4,0.3,0.5,0.8,0,9,1
339,339,30,70,10,3,1,0.4,0.4,0.3,0.5,0.9,0,0,10
340,340,30,70,10,3,1,0.4,0.4,0.3,0.5,1.0,0,0,10
341,341,31,70,10,3,1,0.4,0.4,0.3,0.5,0.0,0,2,8
342,342,31,70,10,3,1,0.4,0.4,0.3,0.5,0.1,0,2,8
343,343,31,70,10,3,1,0.4,0.4,0.3,0.5,0.2,0,2,8
344,344,31,70,10,3,1,0.4,0.4,0.3,0.5,0.30000000000000004,0,4,6
345,345,31,70,10,3,1,0.4,0.4,0.3,0.5,0.4,0,3,7
346,346,31,70,10,3,1,0.4,0.4,0.3,0.5,0.5,0,0,10
347,347,31,70,10,3,1,0.4,0.4,0.3,0.5,0.6000000000000001,0,0,10
348,348,31,70,10,3,1,0.4,0.4,0.3,0.5,0.7000000000000001,0,4,6
349,349,31,70,10,3,1,0.4,0.4,0.3,0.5,0.8,0,1,9
350,350,31,70,10,3,1,0.4,0.4,0.3,0.5,0.9,0,1,9
351,351,31,70,10,3,1,0.4,0.4,0.3,0.5,1.0,0,9,1
352,352,32,70,10,3,1,0.4,0.4,0.3,0.5,0.0,0,8,2
353,353,32,70,10,3,1,0.4,0.4,0.3,0.5,0.1,0,1,9
354,354,32,70,10,3,1,0.4,0.4,0.3,0.5,0.2,0,1,9
355,355,32,70,10,3,1,0.4,0.4,0.3,0.5,0.30000000000000004,0,2,8
356,356,32,70,10,3,1,0.4,0.4,0.3,0.5,0.4,0,2,8
357,357,32,70,10,3,1,0.4,0.4,0.3,0.5,0.5,0,1,9
358,358,32,70,10,3,1,0.4,0.4,0.3,0.5,0.6000000000000001,0,0,10
359,359,32,70,10,3,1,0.4,0.4,0.3,0.5,0.7000000000000001,0,2,8
360,360,32,70,10,3,1,0.4,0.4,0.3,0.5,0.8,0,3,7
361,361,32,70,10,3,1,0.4,0.4,0.3,0.5,0.9,0,6,4
362,362,32,70,10,3,1,0.4,0.4,0.3,0.5,1.0,0,1,9
363,363,33,70,10,3,1,0.4,0.4,0.3,0.5,0.0,0,1,9
364,364,33,70,10,3,1,0.4,0.4,0.3,0.5,0.1,0,1,9
365,365,33,70,10,3,1,0.4,0.4,0.3,0.5,0.2,0,9,1
366,366,33,70,10,3,1,0.4,0.4,0.3,0.5,0.30000000000000004,0,1,9
367,367,33,70,10,3,1,0.4,0.4,0.3,0.5,0.4,0,1,9
368,368,33,70,10,3,1,0.4,0.4,0.3,0.5,0.5,0,0,10
369,369,33,70,10,3,1,0.4,0.4,0.3,0.5,0.6000000000000001,0,0,10
370,370,33,70,10,3,1,0.4,0.4,0.3,0.5,0.7000000000000001,0,0,10
371,371,33,70,10,3,1,0.4,0.4,0.3,0.5,0.8,0,9,1
372,372,33,70,10,3,1,0.4,0.4,0.3,0.5,0.9,0,5,5
373,373,33,70,10,3,1,0.4,0.4,0.3,0.5,1.0,0,6,4
374,374,34,70,10,3,1,0.4,0.4,0.3,0.5,0.0,0,2,8
375,375,34,70,10,3,1,0.4,0.4,0.3,0.5,0.1,0,0,10
376,376,34,70,10,3,1,0.4,0.4,0.3,0.5,0.2,0,1,9
377,377,34,70,10,3,1,0.4,0.4,0.3,0.5,0.30000000000000004,0,1,9
378,378,34,70,10,3,1,0.4,0.4,0.3,0.5,0.4,0,1,9
379,379,34,70,10,3,1,0.4,0.4,0.3,0.5,0.5,0,0,10
380,380,34,70,10,3,1,0.4,0.4,0.3,0.5,0.6000000000000001,0,0,10
381,381,34,70,10,3,1,0.4,0.4,0.3,0.5,0.7000000000000001,0,0,10
382,382,34,70,10,3,1,0.4,0.4,0.3,0.5,0.8,0,0,10
383,383,34,70,10,3,1,0.4,0.4,0.3,0.5,0.9,0,1,9
384,384,34,70,10,3,1,0.4,0.4,0.3,0.5,1.0,0,0,10
385,385,35,70,10,3,1,0.4,0.4,0.3,0.5,0.0,0,3,7
386,386,35,70,10,3,1,0.4,0.4,0.3,0.5,0.1,0,2,8
387,387,35,70,10,3,1,0.4,0.4,0.3,0.5,0.2,0,1,9
388,388,35,70,10,3,1,0.4,0.4,0.3,0.5,0.30000000000000004,0,2,8
389,389,35,70,10,3,1,0.4,0.4,0.3,0.5,0.4,0,9,1
390,390,35,70,10,3,1,0.4,0.4,0.3,0.5,0.5,0,7,3
391,391,35,70,10,3,1,0.4,0.4,0.3,0.5,0.6000000000000001,0,0,10
392,392,35,70,10,3,1,0.4,0.4,0.3,0.5,0.7000000000000001,0,0,10
393,393,35,70,10,3,1,0.4,0.4,0.3,0.5,0.8,0,1,9
394,394,35,70,10,3,1,0.4,0.4,0.3,0.5,0.9,0,1,9
395,395,35,70,10,3,1,0.4,0.4,0.3,0.5,1.0,0,1,9
396,396,36,70,10,3,1,0.4,0.4,0.3,0.5,0.0,0,2,8
397,397,36,70,10,3,1,0.4,0.4,0.3,0.5,0.1,0,1,9
398,398,36,70,10,3,1,0.4,0.4,0.3,0.5,0.2,0,3,7
399,399,36,70,10,3,1,0.4,0.4,0.3,0.5,0.30000000000000004,0,0,10
400,400,36,70,10,3,1,0.4,0.4,0.3,0.5,0.4,0,1,9
401,401,36,70,10,3,1,0.4,0.4,0.3,0.5,0.5,0,0,10
402,402,36,70,10,3,1,0.4,0.4,0.3,0.5,0.6000000000000001,0,1,9
403,403,36,70,10,3,1,0.4,0.4,0.3,0.5,0.7000000000000001,0,0,10
404,404,36,70,10,3,1,0.4,0.4,0.3,0.5,0.8,0,0,10
405,405,36,70,10,3,1,0.4,0.4,0.3,0.5,0.9,0,0,10
406,406,36,70,10,3,1,0.4,0.4,0.3,0.5,1.0,0,0,10
407,407,37,70,10,3,1,0.4,0.4,0.3,0.5,0.0,0,7,3
408,408,37,70,10,3,1,0.4,0.4,0.3,0.5,0.1,0,2,8
409,409,37,70,10,3,1,0.4,0.4,0.3,0.5,0.2,0,1,9
410,410,37,70,10,3,1,0.4,0.4,0.3,0.5,0.30000000000000004,0,2,8
411,411,37,70,10,3,1,0.4,0.4,0.3,0.5,0.4,0,9,1
412,412,37,70,10,3,1,0.4,0.4,0.3,0.5,0.5,0,1,9
413,413,37,70,10,3,1,0.4,0.4,0.3,0.5,0.6000000000000001,0,4,6
414,414,37,70,10,3,1,0.4,0.4,0.3,0.5,0.7000000000000001,0,1,9
415,415,37,70,10,3,1,0.4,0.4,0.3,0.5,0.8,0,0,10
416,416,37,70,10,3,1,0.4,0.4,0.3,0.5,0.9,0,3,7
417,417,37,70,10,3,1,0.4,0.4,0.3,0.5,1.0,0,0,10
418,418,38,70,10,3,1,0.4,0.4,0.3,0.5,0.0,0,2,8
419,419,38,70,10,3,1,0.4,0.4,0.3,0.5,0.1,0,3,7
420,420,38,70,10,3,1,0.4,0.4,0.3,0.5,0.2,0,2,8
421,421,38,70,10,3,1,0.4,0.4,0.3,0.5,0.30000000000000004,0,10,0
422,422,38,70,10,3,1,0.4,0.4,0.3,0.5,0.4,0,4,6
423,423,38,70,10,3,1,0.4,0.4,0.3,0.5,0.5,0,0,10
424,424,38,70,10,3,1,0.4,0.4,0.3,0.5,0.6000000000000001,0,3,7
425,425,38,70,10,3,1,0.4,0.4,0.3,0.5,0.7000000000000001,0,0,10
426,426,38,70,10,3,1,0.4,0.4,0.3,0.5,0.8,0,1,9
427,427,38,70,10,3,1,0.4,0.4,0.3,0.5,0.9,0,0,10
428,428,38,70,10,3,1,0.4,0.4,0.3,0.5,1.0,0,5,5
429,429,39,70,10,3,1,0.4,0.4,0.3,0.5,0.0,0,3,7
430,430,39,70,10,3,1,0.4,0.4,0.3,0.5,0.1,0,0,10
431,431,39,70,10,3,1,0.4,0.4,0.3,0.5,0.2,0,2,8
432,432,39,70,10,3,1,0.4,0.4,0.3,0.5,0.30000000000000004,0,5,5
433,433,39,70,10,3,1,0.4,0.4,0.3,0.5,0.4,1,2,7
434,434,39,70,10,3,1,0.4,0.4,0.3,0.5,0.5,0,1,9
435,435,39,70,10,3,1,0.4,0.4,0.3,0.5,0.6000000000000001,0,0,10
436,436,39,70,10,3,1,0.4,0.4,0.3,0.5,0.7000000000000001,0,0,10
437,437,39,70,10,3,1,0.4,0.4,0.3,0.5,0.8,0,1,9
438,438,39,70,10,3,1,0.4,0.4,0.3,0.5,0.9,0,1,9
439,439,39,70,10,3,1,0.4,0.4,0.3,0.5,1.0,0,0,10
440,440,40,70,10,3,1,0.4,0.4,0.3,0.5,0.0,0,2,8
441,441,40,70,10,3,1,0.4,0.4,0.3,0.5,0.1,0,3,7
442,442,40,70,10,3,1,0.4,0.4,0.3,0.5,0.2,0,2,8
443,443,40,70,10,3,1,0.4,0.4,0.3,0.5,0.30000000000000004,0,7,3
444,444,40,70,10,3,1,0.4,0.4,0.3,0.5,0.4,0,1,9
445,445,40,70,10,3,1,0.4,0.4,0.3,0.5,0.5,0,0,10
446,446,40,70,10,3,1,0.4,0.4,0.3,0.5,0.6000000000000001,0,0,10
447,447,40,70,10,3,1,0.4,0.4,0.3,0.5,0.7000000000000001,0,0,10
448,448,40,70,10,3,1,0.4,0.4,0.3,0.5,0.8,0,9,1
449,449,40,70,10,3,1,0.4,0.4,0.3,0.5,0.9,0,1,9
450,450,40,70,10,3,1,0.4,0.4,0.3,0.5,1.0,0,5,5
451,451,41,70,10,3,1,0.4,0.4,0.3,0.5,0.0,0,9,1
452,452,41,70,10,3,1,0.4,0.4,0.3,0.5,0.1,0,3,7
453,453,41,70,10,3,1,0.4,0.4,0.3,0.5,0.2,0,5,5
454,454,41,70,10,3,1,0.4,0.4,0.3,0.5,0.30000000000000004,0,3,7
455,455,41,70,10,3,1,0.4,0.4,0.3,0.5,0.4,0,3,7
456,456,41,70,10,3,1,0.4,0.4,0.3,0.5,0.5,0,8,2
457,457,41,70,10,3,1,0.4,0.4,0.3,0.5,0.6000000000000001,0,0,10
458,458,41,70,10,3,1,0.4,0.4,0.3,0.5,0.7000000000000001,0,2,8
459,459,41,70,10,3,1,0.4,0.4,0.3,0.5,0.8,0,2,8
460,460,41,70,10,3,1,0.4,0.4,0.3,0.5,0.9,0,0,10
461,461,41,70,10,3,1,0.4,0.4,0.3,0.5,1.0,0,6,4
462,462,42,70,10,3,1,0.4,0.4,0.3,0.5,0.0,0,1,9
463,463,42,70,10,3,1,0.4,0.4,0.3,0.5,0.1,0,3,7
464,464,42,70,10,3,1,0.4,0.4,0.3,0.5,0.2,0,0,10
465,465,42,70,10,3,1,0.4,0.4,0.3,0.5,0.30000000000000004,0,10,0
466,466,42,70,10,3,1,0.4,0.4,0.3,0.5,0.4,0,1,9
467,467,42,70,10,3,1,0.4,0.4,0.3,0.5,0.5,0,1,9
468,468,42,70,10,3,1,0.4,0.4,0.3,0.5,0.6000000000000001,0,9,1
469,469,42,70,10,3,1,0.4,0.4,0.3,0.5,0.7000000000000001,0,0,10
470,470,42,70,10,3,1,0.4,0.4,0.3,0.5,0.8,0,0,10
471,471,42,70,10,3,1,0.4,0.4,0.3,0.5,0.9,0,0,10
472,472,42,70,10,3,1,0.4,0.4,0.3,0.5,1.0,0,1,9
473,473,43,70,10,3,1,0.4,0.4,0.3,0.5,0.0,0,2,8
474,474,43,70,10,3,1,0.4,0.4,0.3,0.5,0.1,0,2,8
475,475,43,70,10,3,1,0.4,0.4,0.3,0.5,0.2,0,3,7
476,476,43,70,10,3,1,0.4,0.4,0.3,0.5,0.30000000000000004,0,3,7
477,477,43,70,10,3,1,0.4,0.4,0.3,0.5,0.4,0,3,7
478,478,43,70,10,3,1,0.4,0.4,0.3,0.5,0.5,0,4,6
479,479,43,70,10,3,1,0.4,0.4,0.3,0.5,0.6000000000000001,0,0,10
480,480,43,70,10,3,1,0.4,0.4,0.3,0.5,0.7000000000000001,0,0,10
481,481,43,70,10,3,1,0.4,0.4,0.3,0.5,0.8,0,2,8
482,482,43,70,10,3,1,0.4,0.4,0.3,0.5,0.9,0,9,1
483,483,43,70,10,3,1,0.4,0.4,0.3,0.5,1.0,0,0,10
484,484,44,70,10,3,1,0.4,0.4,0.3,0.5,0.0,0,2,8
485,485,44,70,10,3,1,0.4,0.4,0.3,0.5,0.1,0,1,9
486,486,44,70,10,3,1,0.4,0.4,0.3,0.5,0.2,0,3,7
487,487,44,70,10,3,1,0.4,0.4,0.3,0.5,0.30000000000000004,0,10,0
488,488,44,70,10,3,1,0.4,0.4,0.3,0.5,0.4,0,5,5
489,489,44,70,10,3,1,0.4,0.4,0.3,0.5,0.5,0,0,10
490,490,44,70,10,3,1,0.4,0.4,0.3,0.5,0.6000000000000001,0,0,10
491,491,44,70,10,3,1,0.4,0.4,0.3,0.5,0.7000000000000001,0,0,10
492,492,44,70,10,3,1,0.4,0.4,0.3,0.5,0.8,0,0,10
493,493,44,70,10,3,1,0.4,0.4,0.3,0.5,0.9,0,0,10
494,494,44,70,10,3,1,0.4,0.4,0.3,0.5,1.0,0,0,10
495,495,45,70,10,3,1,0.4,0.4,0.3,0.5,0.0,0,4,6
496,496,45,70,10,3,1,0.4,0.4,0.3,0.5,0.1,0,1,9
497,497,45,70,10,3,1,0.4,0.4,0.3,0.5,0.2,0,1,9
498,498,45,70,10,3,1,0.4,0.4,0.3,0.5,0.30000000000000004,0,3,7
499,499,45,70,10,3,1,0.4,0.4,0.3,0.5,0.4,0,2,8
500,500,45,70,10,3,1,0.4,0.4,0.3,0.5,0.5,0,1,9
501,501,45,70,10,3,1,0.4,0.4,0.3,0.5,0.6000000000000001,0,7,3
502,502,45,70,10,3,1,0.4,0.4,0.3,0.5,0.7000000000000001,0,0,10
503,503,45,70,10,3,1,0.4,0.4,0.3,0.5,0.8,0,0,10
504,504,45,70,10,3,1,0.4,0.4,0.3,0.5,0.9,0,0,10
505,505,45,70,10,3,1,0.4,0.4,0.3,0.5,1.0,0,1,9
506,506,46,70,10,3,1,0.4,0.4,0.3,0.5,0.0,0,1,9
507,507,46,70,10,3,1,0.4,0.4,0.3,0.5,0.1,0,0,10
508,508,46,70,10,3,1,0.4,0.4,0.3,0.5,0.2,0,2,8
509,509,46,70,10,3,1,0.4,0.4,0.3,0.5,0.30000000000000004,0,10,0
510,510,46,70,10,3,1,0.4,0.4,0.3,0.5,0.4,0,9,1
511,511,46,70,10,3,1,0.4,0.4,0.3,0.5,0.5,0,3,7
512,512,46,70,10,3,1,0.4,0.4,0.3,0.5,0.6000000000000001,0,9,1
513,513,46,70,10,3,1,0.4,0.4,0.3,0.5,0.7000000000000001,0,0,10
514,514,46,70,10,3,1,0.4,0.4,0.3,0.5,0.8,0,1,9
515,515,46,70,10,3,1,0.4,0.4,0.3,0.5,0.9,0,0,10
516,516,46,70,10,3,1,0.4,0.4,0.3,0.5,1.0,0,5,5
517,517,47,70,10,3,1,0.4,0.4,0.3,0.5,0.0,0,3,7
518,518,47,70,10,3,1,0.4,0.4,0.3,0.5,0.1,0,0,10
519,519,47,70,10,3,1,0.4,0.4,0.3,0.5,0.2,0,2,8
520,520,47,70,10,3,1,0.4,0.4,0.3,0.5,0.30000000000000004,0,4,6
521,521,47,70,10,3,1,0.4,0.4,0.3,0.5,0.4,0,2,8
522,522,47,70,10,3,1,0.4,0.4,0.3,0.5,0.5,0,0,10
523,523,47,70,10,3,1,0.4,0.4,0.3,0.5,0.6000000000000001,0,1,9
524,524,47,70,10,3,1,0.4,0.4,0.3,0.5,0.7000000000000001,0,0,10
525,525,47,70,10,3,1,0.4,0.4,0.3,0.5,0.8,0,2,8
526,526,47,70,10,3,1,0.4,0.4,0.3,0.5,0.9,0,1,9
527,527,47,70,10,3,1,0.4,0.4,0.3,0.5,1.0,0,9,1
528,528,48,70,10,3,1,0.4,0.4,0.3,0.5,0.0,0,3,7
529,529,48,70,10,3,1,0.4,0.4,0.3,0.5,0.1,0,9,1
530,530,48,70,10,3,1,0.4,0.4,0.3,0.5,0.2,0,5,5
531,531,48,70,10,3,1,0.4,0.4,0.3,0.5,0.30000000000000004,0,3,7
532,532,48,70,10,3,1,0.4,0.4,0.3,0.5,0.4,0,1,9
533,533,48,70,10,3,1,0.4,0.4,0.3,0.5,0.5,0,1,9
534,534,48,70,10,3,1,0.4,0.4,0.3,0.5,0.6000000000000001,0,8,2
535,535,48,70,10,3,1,0.4,0.4,0.3,0.5,0.7000000000000001,0,0,10
536,536,48,70,10,3,1,0.4,0.4,0.3,0.5,0.8,0,4,6
537,537,48,70,10,3,1,0.4,0.4,0.3,0.5,0.9,0,0,10
538,538,48,70,10,3,1,0.4,0.4,0.3,0.5,1.0,0,9,1
539,539,49,70,10,3,1,0.4,0.4,0.3,0.5,0.0,0,1,9
540,540,49,70,10,3,1,0.4,0.4,0.3,0.5,0.1,0,3,7
541,541,49,70,10,3,1,0.4,0.4,0.3,0.5,0.2,0,4,6
542,542,49,70,10,3,1,0.4,0.4,0.3,0.5,0.30000000000000004,0,3,7
543,543,49,70,10,3,1,0.4,0.4,0.3,0.5,0.4,0,0,10
544,544,49,70,10,3,1,0.4,0.4,0.3,0.5,0.5,0,0,10
545,545,49,70,10,3,1,0.4,0.4,0.3,0.5,0.6000000000000001,0,3,7
546,546,49,70,10,3,1,0.4,0.4,0.3,0.5,0.7000000000000001,0,0,10
547,547,49,70,10,3,1,0.4,0.4,0.3,0.5,0.8,0,0,10
548,548,49,70,10,3,1,0.4,0.4,0.3,0.5,0.9,0,0,10
549,549,49,70,10,3,1,0.4,0.4,0.3,0.5,1.0,0,6,4
